Timestamp,Level,Message
1782111451,ERROR,CRC Error
1782111451,ERROR,Packet Dropped
1782111451,INFO,Packet Routed
1782111451,ERROR,CRC Error
1782111451,ERROR,Packet Dropped
1782111451,ERROR,CRC Error
1782111451,ERROR,Packet Dropped
1782111451,ERROR,Device Error Detected
1782111451,INFO,Packet Routed
1782111451,INFO,Packet Routed
1782111451,INFO,Packet Routed
1782111451,INFO,Packet Routed
1782111451,INFO,Packet Routed
1782111451,INFO,Packet Routed
1782111451,ERROR,CRC Error
1782111451,ERROR,Packet Dropped
1782111451,INFO,Packet Routed
1782111451,INFO,Packet Routed
1782111451,ERROR,CRC Error
1782111451,ERROR,Packet Dropped
1782111451,INFO,Packet Routed
1782111451,INFO,Packet Routed
1782111451,INFO,Packet Routed
1782111451,INFO,Packet Routed
1782111451,INFO,Packet Routed
1782111451,INFO,Packet Routed
1782111451,ERROR,CRC Error
1782111451,ERROR,Packet Dropped
1782111451,INFO,Packet Routed
1782111451,ERROR,Device Error Detected
1782111451,INFO,Packet Routed
1782111451,INFO,Packet Routed
1782111451,INFO,Packet Routed
1782111451,INFO,Packet Routed
1782111451,INFO,Packet Routed
1782111451,INFO,Packet Routed
1782111451,ERROR,Device Error Detected
1782111451,INFO,Packet Routed
1782111451,ERROR,CRC Error
1782111451,ERROR,Packet Dropped
1782111451,INFO,Packet Routed
1782111451,INFO,Packet Routed
1782111451,INFO,Packet Routed
1782111451,INFO,Packet Routed
1782111451,ERROR,Device Error Detected
1782111451,INFO,Packet Routed
1782111451,INFO,Packet Routed
1782111451,INFO,Packet Routed
1782111451,INFO,Packet Routed
1782111451,INFO,Packet Routed
1782111451,INFO,Packet Routed
1782111451,ERROR,Device Error Detected
1782111451,INFO,Packet Routed
1782111451,INFO,Packet Routed
1782111451,INFO,Packet Routed
1782111451,INFO,Packet Routed
1782111451,INFO,Packet Routed
1782111451,INFO,Packet Routed
1782111451,ERROR,CRC Error
1782111451,ERROR,Packet Dropped
1782111451,INFO,Packet Routed
1782111451,ERROR,CRC Error
1782111451,ERROR,Packet Dropped
1782111451,INFO,Packet Routed
1782111451,INFO,Packet Routed
1782111451,INFO,Packet Routed
1782111451,INFO,Packet Routed
1782111451,INFO,Packet Routed
1782111451,INFO,Packet Routed
1782111451,INFO,Packet Routed
1782111451,INFO,Packet Routed
1782111451,INFO,Packet Routed
